Workbook
Name _2020: 'Statistical Parameters'!$B$37:$B$38
Name Dec1531_: Data!$C$27:$Z$28
Name Monsoon: Data!$C$30:$Z$31
Name Post_monsoon: 'Seasonal data'!$C$7:$Z$8
Name Summer: 'Seasonal data'!$C$5:$Z$6
Name Winter: Data!$C$37:$Z$39

Sheet Seasonal data
C3: max_BT | D3: max_LST | E3: max_em | F3: max_fv | G3: max_ndbi | H3: max_ndvi | I3: max_ndwi | J3: max_nmdi | K3: meanBT | L3: meanEm | M3: meanFV | N3: meanLST | O3: meanNDBI | P3: meanNDVI | Q3: meanNDWI | R3: meanNMDI | S3: min_BT | T3: min_LST | U3: min_em | V3: min_fv | W3: min_ndbi | X3: min_ndvi | Y3: min_ndwi | Z3: min_nmdi
B4: 2020 | C4: 308.6 | D4: 36.469703 | E4: 0.99 | F4: 1 | G4: 0.35573378 | H4: 0.8081429 | I4: 0.26986754 | J4: 0.7212165 | K4: 302.4 | L4: 0.9870451 | M4: 0.26167164 | N4: 30.150642 | O4: -0.021459366 | P4: 0.26949449 | Q4: -0.33788643 | R4: 0.13669645 | S4: 296.4 | T4: 24.211372 | U4: 0.986 | V4: 3.2351789e-17 | W4: -0.49174529 | X4: -0.29034942 | Y4: -0.72204345 | Z4: -0.32084095
B5: Premonsoon | C5: 320.4 | D5: 48.358003 | E5: 0.99 | F5: 0.99999998 | G5: 0.32371035 | H5: 0.8366586 | I5: 0.25708291 | J5: 0.74120557 | K5: 312.04972 | L5: 0.98670947 | M5: 0.17771608 | N5: 39.934359 | O5: -0.0019665979 | P5: 0.23044613 | Q5: -0.31638639 | R5: 0.097630429 | S5: 301.4 | T5: 29.24476 | U5: 0.986 | V5: 3.0014427e-17 | W5: -0.50749922 | X5: -0.21168438 | Y5: -0.76243097 | Z5: -0.2631579
B6: Monsoon | C6: 304 | D6: 31.834802 | E6: 0.99 | F6: 0.99999995 | G6: 0.28533509 | H6: 0.91066086 | I6: 0.49126214 | J6: 0.7940945 | K6: 298.9 | L6: 0.98713695 | M6: 0.28709553 | N6: 26.657746 | O6: -0.091778708 | P6: 0.37103082 | Q6: -0.38670424 | R6: 0.26949788 | S6: 293.8 | T6: 21.586513 | U6: 0.986 | V6: 1.3919421e-17 | W6: -0.64638346 | X6: -0.25547445 | Y6: -0.79682541 | Z6: -0.2618677
B7: Postmonsoon | C7: 309.4 | D7: 37.276833 | E7: 0.99 | F7: 1 | G7: 0.33894113 | H7: 0.84387398 | I7: 0.40852129 | J7: 0.76358247 | K7: 302.1 | L7: 0.98710615 | M7: 0.27729801 | N7: 29.914012 | O7: -0.025379852 | P7: 0.29293397 | Q7: -0.34767979 | R7: 0.15233835 | S7: 296.8 | T7: 24.633532 | U7: 0.986 | V7: 7.083383e-17 | W7: -0.6509636 | X7: -0.31594202 | Y7: -0.75204057 | Z7: -0.3250359
B8: Winter | C8: 305.5 | D8: 33.351663 | E8: 0.99 | F8: 0.99999996 | G8: 0.43763921 | H8: 0.85356629 | I8: 0.41805345 | J8: 0.74530953 | K8: 298.00489 | L8: 0.98698418 | M8: 0.24413901 | N8: 25.709753 | O8: 0.0039275885 | P8: 0.23042476 | Q8: -0.30075857 | R8: 0.089831393 | S8: 292.2 | T8: 20.013364 | U8: 0.986 | V8: 7.8977944e-17 | W8: -0.63683933 | X8: -0.37595257 | Y8: -0.77307075 | Z8: -0.39193258

Sheet Data
B2: Dates | C2: max_BT | D2: max_LST | E2: max_em | F2: max_fv | G2: max_ndbi | H2: max_ndvi | I2: max_ndwi | J2: max_nmdi | K2: meanBT | L2: meanEm | M2: meanFV | N2: meanLST | O2: meanNDBI | P2: meanNDVI | Q2: meanNDWI | R2: meanNMDI | S2: min_BT | T2: min_LST | U2: min_em | V2: min_fv | W2: min_ndbi | X2: min_ndvi | Y2: min_ndwi | Z2: min_nmdi
B3: Jan 01-15 | C3: 304 | D3: 31.839715 | E3: 0.99 | F3: 1 | G3: 0.3823331 | H3: 0.85878408 | I3: 0.33508083 | J3: 0.84121734 | K3: 296.51563 | L3: 0.98698412 | M3: 0.24606022 | N3: 24.284512 | O3: -0.0039009377 | P3: 0.24608061 | Q3: -0.30076596 | R3: 0.12105563 | S3: 292 | T3: 19.808169 | U3: 0.986 | V3: 8.4729924e-17 | W3: -0.71103597 | X3: -0.36211455 | Y3: -0.77704918 | Z3: -0.37205225
B4: Jan 15-31 | C4: 304.8 | D4: 32.641932 | E4: 0.99 | F4: 1 | G4: 0.43501985 | H4: 0.85584623 | I4: 0.45417097 | J4: 0.77464789 | K4: 297.01692 | L4: 0.98701464 | M4: 0.25387006 | N4: 24.845371 | O4: 0.0039330838 | P4: 0.23044826 | Q4: -0.30076662 | R4: 0.089816442 | S4: 292.1 | T4: 19.913556 | U4: 0.986 | V4: 2.3909127e-17 | W4: -0.78227061 | X4: -0.40517241 | Y4: -0.78633469 | Z4: -0.70979381
B5: Feb 01-15 | C5: 305.5 | D5: 33.340918 | E5: 0.99 | F5: 1 | G5: 0.4599824 | H5: 0.88416576 | I5: 0.57206535 | J5: 0.87572813 | K5: 298.8 | L5: 0.98704515 | M5: 0.26167873 | N5: 26.593392 | O5: 0.011784017 | P5: 0.21482942 | Q5: -0.30075751 | R5: 0.066345656 | S5: 292.4 | T5: 20.213779 | U5: 0.986 | V5: 4.4043101e-17 | W5: -0.89440995 | X5: -0.48398903 | Y5: -0.85386032 | Z5: -0.51251507
B6: Feb 15-29 | C6: 308.6 | D6: 36.447844 | E6: 0.99 | F6: 0.99999995 | G6: 0.42902926 | H6: 0.8329953 | I6: 0.44135803 | J6: 0.73772609 | K6: 301.9 | L6: 0.98692308 | M6: 0.23241673 | N6: 29.721098 | O6: 0.019598924 | P6: 0.21482519 | Q6: -0.29299403 | R6: 0.07418711 | S6: 294.2 | T6: 21.81882 | U6: 0.986 | V6: 6.1314413e-17 | W6: -0.72521245 | X6: -0.36407432 | Y6: -0.75086665 | Z6: -0.38172355
B7: March 01-15 | C7: 313.2 | D7: 41.078164 | E7: 0.99 | F7: 1 | G7: 0.42500001 | H7: 0.83561641 | I7: 0.34552938 | J7: 0.72226286 | K7: 304.18316 | L7: 0.98692305 | M7: 0.23043108 | N7: 31.938415 | O7: 0.01369312 | P7: 0.21483553 | Q7: -0.2929963 | R7: 0.081980934 | S7: 295.7 | T7: 23.311517 | U7: 0.986 | V7: 1.2752111e-16 | W7: -0.53658539 | X7: -0.36974233 | Y7: -0.75183487 | Z7: -0.39569649
B8: March 15-31 | C8: 317.3 | D8: 45.212376 | E8: 0.99 | F8: 0.99999999 | G8: 0.38220179 | H8: 0.86273116 | I8: 0.41728395 | J8: 0.75084442 | K8: 308.2 | L8: 0.98704502 | M8: 0.25976004 | N8: 36.060471 | O8: 0.013678806 | P8: 0.23043345 | Q8: -0.31643084 | R8: 0.074172725 | S8: 297.8 | T8: 25.632996 | U8: 0.986 | V8: 2.4699052e-17 | W8: -0.53440213 | X8: -0.43018481 | Y8: -0.84177214 | Z8: -0.43852302
B9: April 01-15 | C9: 322.65 | D9: 50.617543 | E9: 0.99 | F9: 1 | G9: 0.36171019 | H9: 0.86411631 | I9: 0.26096997 | J9: 0.77049989 | K9: 313.80017 | L9: 0.98680094 | M9: 0.19918473 | N9: 41.687588 | O9: 0.0097763845 | P9: 0.23044462 | Q9: -0.31641054 | R9: 0.081991321 | S9: 302.25 | T9: 29.883732 | U9: 0.986 | V9: 3.5391002e-18 | W9: -0.5799247 | X9: -0.27864215 | Y9: -0.79648012 | Z9: -0.41743699
B10: April 15-30 | C10: 320.45 | D10: 48.433948 | E10: 0.99 | F10: 0.99999996 | G10: 0.29305038 | H10: 0.85739905 | I10: 0.25934067 | J10: 0.76774943 | K10: 311.54931 | L10: 0.98655688 | M10: 0.13868005 | N10: 39.435969 | O10: -0.0019725868 | P10: 0.23044087 | Q10: -0.31640229 | R10: 0.097609685 | S10: 301.6 | T10: 29.472168 | U10: 0.986 | V10: 5.176628e-17 | W10: -0.53693593 | X10: -0.14553191 | Y10: -0.92716998 | Z10: -0.31899941
B11: May 01-15 | C11: 320.6 | D11: 48.563765 | E11: 0.99 | F11: 0.99999994 | G11: 0.30143228 | H11: 0.81235009 | I11: 0.18810962 | J11: 0.72938257 | K11: 312.67523 | L11: 0.98664832 | M11: 0.15820267 | N11: 40.562432 | O11: -0.0019699007 | P11: 0.22461132 | Q11: -0.30662842 | R11: 0.10545772 | S11: 303.1 | T11: 30.976523 | U11: 0.986 | V11: 4.268782e-17 | W11: -0.5262959 | X11: -0.16845025 | Y11: -0.7487011 | Z11: -0.33230713
B12: May 15-31 | C12: 323.5 | D12: 51.500951 | E12: 0.99 | F12: 1.0000001 | G12: 0.35310936 | H12: 0.81837231 | I12: 0.17682467 | J12: 0.70380121 | K12: 313.17725 | L12: 0.98658747 | M12: 0.14448995 | N12: 41.062529 | O12: 0.0019406796 | P12: 0.22069606 | Q12: -0.3027346 | R12: 0.097627977 | S12: 302.6 | T12: 30.461985 | U12: 0.986 | V12: 1.7608329e-17 | W12: -0.56428093 | X12: -0.15594946 | Y12: -0.75557828 | Z12: -0.4868702
B13: June 01-15 | C13: 308 | D13: 35.894587 | E13: 0.99 | F13: 0.99999995 | G13: 0.45129913 | H13: 0.88428539 | I13: 0.15558687 | J13: 0.73694193 | K13: 301.5 | L13: 0.98658732 | M13: 0.15040814 | N13: 29.344444 | O13: -0.013662078 | P13: 0.24609477 | Q13: -0.32420011 | R13: 0.14448773 | S13: 297.2 | T13: 25.033826 | U13: 0.986 | V13: 1.5082229e-17 | W13: -0.48886532 | X13: -0.16164584 | Y13: -0.85720217 | Z13: -0.56951839
B14: June 15-30 | C14: 297.3 | D14: 25.1462 | E14: 0.99 | F14: 1 | G14: 0.14848109 | H14: 0.85604972 | I14: 0.030936118 | J14: 0.65621293 | K14: 293.8 | L14: 0.98661802 | M14: 0.15246546 | N14: 21.510751 | O14: -0.099590501 | P14: 0.34569966 | Q14: -0.35746026 | R14: 0.28714744 | S14: 289.7 | T14: 17.34457 | U14: 0.986 | V14: 6.8576531e-20 | W14: -0.44305998 | X14: 0.015968665 | Y14: -0.79483235 | Z14: -0.094594598
... B17: Aug 01-15 | C17: 304.1 | D17: 31.938492 | E17: 0.99 | F17: 1 | G17: 0.55151516 | H17: 0.99869931 | I17: 0.81313133 | J17: 0.8233918 | K17: 299.5 | L17: 0.98750309 | M17: 0.37887002 | N17: 27.282954 | O17: -0.1054337 | P17: 0.36323597 | Q17: -0.3866587 | R17: 0.26946911 | S17: 295.3 | T17: 22.918996 | U17: 0.986 | V17: 1.8590398e-18 | W17: -0.75267005 | X17: -0.6509434 | Y17: -0.98778862 | Z17: -0.4861111
B18: Aug 15-31
B19: Sept 01-15 | C19: 303.8 | D19: 31.619447 | E19: 0.99 | F19: 1 | G19: 0.26066351 | H19: 1 | I19: 0.34384859 | J19: 0.81635529 | K19: 298.2 | L19: 0.98722797 | M19: 0.30853486 | N19: 25.972869 | O19: -0.11913539 | P19: 0.42577837 | Q19: -0.41015564 | R19: 0.31632652 | S19: 293.3 | T19: 20.93853 | U19: 0.986 | V19: 1.4354037e-18 | W19: -0.59617549 | X19: -0.27564102 | Y19: -0.99508256 | Z19: -0.43223149
B20: Sept 15-30 | C20: 302.5 | D20: 30.326799 | E20: 0.99 | F20: 1 | G20: 0.43189827 | H20: 1 | I20: 0.33943662 | J20: 0.81815261 | K20: 297.6 | L20: 0.98731955 | M20: 0.32422028 | N20: 25.34053 | O20: -0.13669139 | P20: 0.49605214 | Q20: -0.46483329 | R20: 0.34766618 | S20: 294.3 | T20: 21.998022 | U20: 0.986 | V20: 9.4003213e-18 | W20: -0.63870966 | X20: -0.17597292 | Y20: -0.99641258 | Z20: -0.57177031
B21: Oct 01-15 | C21: 311.4 | D21: 39.283229 | E21: 0.99 | F21: 0.99999997 | G21: 0.30514476 | H21: 0.8956731 | I21: 0.27166504 | J21: 0.78941959 | K21: 304.45 | L21: 0.98704529 | M21: 0.2636546 | N21: 32.281191 | O21: -0.068359979 | P21: 0.3398063 | Q21: -0.37886723 | R21: 0.20702017 | S21: 298.4 | T21: 26.075093 | U21: 0.986 | V21: 2.5759386e-17 | W21: -0.66821092 | X21: -0.25256124 | Y21: -0.86454344 | Z21: -0.31898686
B22: Oct 15-31 | C22: 312.35 | D22: 40.243159 | E22: 0.99 | F22: 0.99999996 | G22: 0.31132561 | H22: 0.84633297 | I22: 0.39851025 | J22: 0.76786256 | K22: 303.9 | L22: 0.98713673 | M22: 0.27928674 | N22: 31.718614 | O22: -0.033185785 | P22: 0.31639729 | Q22: -0.36323336 | R22: 0.16793354 | S22: 299.3 | T22: 27.124579 | U22: 0.986 | V22: 1.3335037e-20 | W22: -0.62468934 | X22: -0.28932893 | Y22: -0.76588833 | Z22: -0.49949938
B23: Nov 01-15
B24: Nov 15-30 | C24: 307.45 | D24: 35.308967 | E24: 0.99 | F24: 1 | G24: 0.38552853 | H24: 0.88893002 | I24: 0.48633879 | J24: 0.93460488 | K24: 300.4 | L24: 0.98707572 | M24: 0.26950875 | N24: 28.216279 | O24: -0.0038830246 | P24: 0.26953265 | Q24: -0.33982018 | R24: 0.12109135 | S24: 294.1 | T24: 21.927026 | U24: 0.986 | V24: 3.0120182e-17 | W24: -0.95491803 | X24: -0.4023622 | Y24: -0.76593935 | Z24: -0.64937371 | XFD24: =AVERAGE(C24:XFC24) -> 41.316858
B25: Dec 01-15 | C25: 311.2 | D25: 39.083116 | E25: 0.99 | F25: 0.99999998 | G25: 0.38647959 | H25: 0.88505226 | I25: 0.51121074 | J25: 0.83400267 | K25: 302 | L25: 0.98710627 | M25: 0.27537754 | N25: 29.835069 | O25: -0.0038964365 | P25: 0.26169807 | Q25: -0.33207025 | R25: 0.1132598 | S25: 297.2 | T25: 24.987413 | U25: 0.986 | V25: 1.4650207e-17 | W25: -0.83664924 | X25: -0.42631578 | Y25: -0.75063962 | Z25: -0.40986359
B26: Dec 15-31 | C26: 305.25 | D26: 33.085961 | E26: 0.99 | F26: 1 | G26: 0.40042269 | H26: 0.85522681 | I26: 0.48843929 | J26: 0.79931974 | K26: 298.4 | L26: 0.98722832 | M26: 0.30077308 | N26: 26.160051 | O26: -0.011667967 | P26: 0.2695182 | Q26: -0.32423654 | R26: 0.12104476 | S26: 293.6 | T26: 21.41837 | U26: 0.986 | V26: 6.2546841e-17 | W26: -0.85288966 | X26: -0.45930234 | Y26: -0.76257807 | Z26: -0.49214792

Sheet Monthly Data
A3: Dates | B3: max_BT | C3: max_LST | D3: max_em | E3: max_fv | F3: max_ndbi | G3: max_ndvi | H3: max_ndwi | I3: max_nmdi | J3: meanBT | K3: meanEm | L3: meanFV | M3: meanLST | N3: meanNDBI | O3: meanNDVI | P3: meanNDWI | Q3: meanNMDI | R3: min_BT | S3: min_LST | T3: min_em | U3: min_fv | V3: min_ndbi | W3: min_ndvi | X3: min_ndwi | Y3: min_nmdi
A4: January | B4: 304.4 | C4: 32.240824 | D4: 0.99 | E4: 1 | F4: 0.40867648 | G4: 0.85731515 | H4: 0.3946259 | I4: 0.80793262 | J4: 296.76627 | K4: 0.98699938 | L4: 0.24996514 | M4: 24.564942 | N4: =AVERAGE(Data!O3:O4) -> 1.6073037e-05 | O4: 0.23826443 | P4: -0.30076629 | Q4: 0.10543604 | R4: 292.05 | S4: 19.860862 | T4: 0.986 | U4: 5.4319525e-17 | V4: -0.74665329 | W4: -0.38364348 | X4: -0.78169194 | Y4: -0.54092303
A5: February | B5: 307.05 | C5: 34.894381 | D5: 0.99 | E5: 0.99999999 | F5: 0.44450583 | G5: 0.85858053 | H5: 0.50671169 | I5: 0.80672711 | J5: 300.35 | K5: 0.98698412 | L5: 0.24704773 | M5: 28.157245 | N5: 0.01569147 | O5: 0.21482731 | P5: -0.29687577 | Q5: 0.070266383 | R5: 293.3 | S5: 21.0163 | T5: 0.986 | U5: 5.2678757e-17 | V5: -0.8098112 | W5: -0.42403167 | X5: -0.80236349 | Y5: -0.44711931
A6: March | B6: 315.25 | C6: 43.14527 | D6: 0.99 | E6: 1 | F6: 0.4036009 | G6: 0.84917378 | H6: 0.38140666 | I6: 0.73655364 | J6: 306.19158 | K6: 0.98698403 | L6: 0.24509556 | M6: 33.999443 | N6: 0.013685963 | O6: 0.22263449 | P6: -0.30471357 | Q6: 0.07807683 | R6: 296.75 | S6: 24.472256 | T6: 0.986 | U6: 7.6110079e-17 | V6: -0.53549376 | W6: -0.39996357 | X6: -0.7968035 | Y6: -0.41710976
A7: April | B7: 321.55 | C7: 49.525745 | D7: 0.99 | E7: 0.99999999 | F7: 0.32738028 | G7: 0.86075768 | H7: 0.26015532 | I7: 0.76912466 | J7: 312.67474 | K7: 0.98667891 | L7: 0.16893239 | M7: 40.561779 | N7: 0.0039018989 | O7: 0.23044275 | P7: -0.31640641 | Q7: 0.089800503 | R7: 301.925 | S7: 29.67795 | T7: 0.986 | U7: 2.765269e-17 | V7: -0.55843031 | W7: -0.21208703 | X7: -0.86182505 | Y7: -0.3682182
A8: May | B8: 322.05 | C8: 50.032358 | D8: 0.99 | E8: 1 | F8: 0.32727082 | G8: 0.8153612 | H8: 0.18246715 | I8: 0.71659189 | J8: 312.92624 | K8: 0.98661789 | L8: 0.15134631 | M8: 40.81248 | N8: -1.4610507e-05 | O8: 0.22265369 | P8: -0.30468151 | Q8: 0.10154285 | R8: 302.85 | S8: 30.719254 | T8: 0.986 | U8: 3.0148075e-17 | V8: -0.54528841 | W8: -0.16219985 | X8: -0.75213969 | Y8: -0.40958866
A9: June | B9: 302.65 | C9: 30.520393 | D9: 0.99 | E9: 1 | F9: 0.29989011 | G9: 0.87016755 | H9: 0.093261493 | I9: 0.69657743 | J9: 297.65 | K9: 0.98660267 | L9: 0.1514368 | M9: 25.427598 | N9: -0.056626289 | O9: 0.29589721 | P9: -0.34083019 | Q9: 0.21581759 | R9: 293.45 | S9: 21.189198 | T9: 0.986 | U9: 7.5754027e-18 | V9: -0.46596265 | W9: -0.07283859 | X9: -0.82601726 | Y9: -0.33205649
A10: July | B10: 302.85 | C10: 30.687877 | D10: 0.99 | E10: 0.99999998 | F10: 0.4343342 | G10: 0.9996469 | H10: 0.47085613 | I10: 0.85303032 | J10: 298.39997 | K10: 0.98680107 | L10: 0.20214973 | M10: 26.162255 | N10: -0.1250003 | O10: 0.41013555 | P10: -0.40627359 | Q10: 0.31631446 | R10: 290.6 | S10: 18.282701 | T10: 0.986 | U10: 3.1697721e-19 | V10: -0.76278713 | W10: -0.059859717 | X10: -0.99513522 | Y10: -0.5348613
A11: August | B11: 304.1 | C11: 31.938492 | D11: 0.99 | E11: 1 | F11: 0.55151516 | G11: 0.99869931 | H11: 0.81313133 | I11: 0.8233918 | J11: 299.5 | K11: 0.98750309 | L11: 0.37887002 | M11: 27.282954 | N11: -0.1054337 | O11: 0.36323597 | P11: -0.3866587 | Q11: 0.26946911 | R11: 295.3 | S11: 22.918996 | T11: 0.986 | U11: 1.8590398e-18 | V11: -0.75267005 | W11: -0.6509434 | X11: -0.98778862 | Y11: -0.4861111
A12: September | B12: 303.15 | C12: 30.973123 | D12: 0.99 | E12: 1 | F12: 0.34628089 | G12: 1 | H12: 0.3416426 | I12: 0.81725395 | J12: 297.9 | K12: 0.98727376 | L12: 0.31637757 | M12: 25.6567 | N12: -0.12791339 | O12: 0.46091525 | P12: -0.43749447 | Q12: 0.33199635 | R12: 293.8 | S12: 21.468276 | T12: 0.986 | U12: 5.4178625e-18 | V12: -0.61744258 | W12: -0.22580697 | X12: -0.99574757 | Y12: -0.5020009
A13: October | B13: 311.875 | C13: 39.763194 | D13: 0.99 | E13: 0.99999996 | F13: 0.30823518 | G13: 0.87100303 | H13: 0.33508764 | I13: 0.77864107 | J13: 304.175 | K13: 0.98709101 | L13: 0.27147067 | M13: 31.999903 | N13: -0.050772882 | O13: 0.3281018 | P13: -0.37105029 | Q13: 0.18747685 | R13: 298.85 | S13: 26.599836 | T13: 0.986 | U13: 1.288636e-17 | V13: -0.64645013 | W13: -0.27094509 | X13: -0.81521589 | Y13: -0.40924312
A14: November | B14: 307.45 | C14: 35.308967 | D14: 0.99 | E14: 1 | F14: 0.38552853 | G14: 0.88893002 | H14: 0.48633879 | I14: 0.93460488 | J14: 300.4 | K14: 0.98707572 | L14: 0.26950875 | M14: 28.216279 | N14: -0.0038830246 | O14: 0.26953265 | P14: -0.33982018 | Q14: 0.12109135 | R14: 294.1 | S14: 21.927026 | T14: 0.986 | U14: 3.0120182e-17 | V14: -0.95491803 | W14: -0.4023622 | X14: -0.76593935 | Y14: -0.64937371
A15: December | B15: 308.225 | C15: 36.084539 | D15: 0.99 | E15: 1 | F15: 0.39345114 | G15: 0.87013954 | H15: 0.49982502 | I15: 0.81666121 | J15: 300.2 | K15: 0.9871673 | L15: 0.28807531 | M15: 27.99756 | N15: -0.0077822019 | O15: 0.26560814 | P15: -0.32815339 | Q15: 0.11715228 | R15: 295.4 | S15: 23.202892 | T15: 0.986 | U15: 3.8598524e-17 | V15: -0.84476945 | W15: -0.44280906 | X15: -0.75660884 | Y15: -0.45100576
B16: =AVERAGE(B4:B15) -> 309.21667 | C16: =AVERAGE(C4:C15) -> 37.09293 | D16: =AVERAGE(D4:D15) -> 0.99 | E16: =AVERAGE(E4:E15) -> 1 | F16: =AVERAGE(F4:F15) -> 0.38588913 | G16: =AVERAGE(G4:G15) -> 0.89498123 | H16: =AVERAGE(H4:H15) -> 0.39712581 | I16: =AVERAGE(I4:I15) -> 0.79642422 | ... Y16: =AVERAGE(Y4:Y15) -> -0.46230095

Sheet Without monsoon
A3: Dates | B3: meanBT | C3: meanEm | D3: meanFV | E3: meanLST | F3: meanNDBI | G3: meanNDVI | H3: meanNDWI | I3: meanNMDI
A4: Jan 01-15 | B4: 296.51563 | C4: 0.98698412 | D4: 0.24606022 | E4: 24.284512 | F4: -0.0039009377 | G4: 0.24608061 | H4: -0.30076596 | I4: 0.12105563
A5: Jan 15-31 | B5: 297.01692 | C5: 0.98701464 | D5: 0.25387006 | E5: 24.845371 | F5: 0.0039330838 | G5: 0.23044826 | H5: -0.30076662 | I5: 0.089816442
A6: Feb 01-15 | B6: 298.8 | C6: 0.98704515 | D6: 0.26167873 | E6: 26.593392 | F6: 0.011784017 | G6: 0.21482942 | H6: -0.30075751 | I6: 0.066345656
A7: Feb 15-29 | B7: 301.9 | C7: 0.98692308 | D7: 0.23241673 | E7: 29.721098 | F7: 0.019598924 | G7: 0.21482519 | H7: -0.29299403 | I7: 0.07418711
A8: March 01-15 | B8: 304.18316 | C8: 0.98692305 | D8: 0.23043108 | E8: 31.938415 | F8: 0.01369312 | G8: 0.21483553 | H8: -0.2929963 | I8: 0.081980934
A9: March 15-31 | B9: 308.2 | C9: 0.98704502 | D9: 0.25976004 | E9: 36.060471 | F9: 0.013678806 | G9: 0.23043345 | H9: -0.31643084 | I9: 0.074172725
A10: April 01-15 | B10: 313.80017 | C10: 0.98680094 | D10: 0.19918473 | E10: 41.687588 | F10: 0.0097763845 | G10: 0.23044462 | H10: -0.31641054 | I10: 0.081991321
A11: April 15-30 | B11: 311.54931 | C11: 0.98655688 | D11: 0.13868005 | E11: 39.435969 | F11: -0.0019725868 | G11: 0.23044087 | H11: -0.31640229 | I11: 0.097609685
A12: May 01-15 | B12: 312.67523 | C12: 0.98664832 | D12: 0.15820267 | E12: 40.562432 | F12: -0.0019699007 | G12: 0.22461132 | H12: -0.30662842 | I12: 0.10545772
A13: May 15-31 | B13: 313.17725 | C13: 0.98658747 | D13: 0.14448995 | E13: 41.062529 | F13: 0.0019406796 | G13: 0.22069606 | H13: -0.3027346 | I13: 0.097627977
A22: Oct 01-15 | B22: 304.45 | C22: 0.98704529 | D22: 0.2636546 | E22: 32.281191 | F22: -0.068359979 | G22: 0.3398063 | H22: -0.37886723 | I22: 0.20702017
A23: Oct 15-31 | B23: 303.9 | C23: 0.98713673 | D23: 0.27928674 | E23: 31.718614 | F23: -0.033185785 | G23: 0.31639729 | H23: -0.36323336 | I23: 0.16793354
A24: Nov 01-15
A25: Nov 15-30 | B25: 300.4 | C25: 0.98707572 | D25: 0.26950875 | E25: 28.216279 | F25: -0.0038830246 | G25: 0.26953265 | H25: -0.33982018 | I25: 0.12109135
A26: Dec 01-15 | B26: 302 | C26: 0.98710627 | D26: 0.27537754 | E26: 29.835069 | F26: -0.0038964365 | G26: 0.26169807 | H26: -0.33207025 | I26: 0.1132598
A27: Dec 15-31 | B27: 298.4 | C27: 0.98722832 | D27: 0.30077308 | E27: 26.160051 | F27: -0.011667967 | G27: 0.2695182 | H27: -0.32423654 | I27: 0.12104476

Sheet Modis-Landsat
C4: MODIS TERRA | I4: MODIS AQUA | M4: LANDSAT-8 SR | R4: Landsat 8
C5: Min LST | D5: Max LST | E5: Mean LST | H5: Min LST | I5: Max LST | J5: Mean LST | M5: Min LST | N5: Max LST | O5: Mean LST | R5: Min LST | S5: Max LST | T5: Mean LST
B6: January | C6: 24.166 | D6: 29.646923 | E6: 26.525631 | G6: January | H6: 28.18 | I6: 34.47 | J6: 31.241419 | L6: January | M6: 19.65701 | N6: 32.027133 | O6: 24.348446 | Q6: January | R6: 19.860862 | S6: 32.240824 | T6: 24.564942
B7: February | C7: 27.725455 | D7: 34.030833 | E7: 30.936106 | G7: February | H7: 32.27 | I7: 40 | J7: 36.637167 | L7: February | M7: 21.968499 | N7: 35.311449 | O7: 28.292343 | Q7: February | R7: 21.0163 | S7: 34.894381 | T7: 28.157245
B8: March | C8: 32.612857 | D8: 39.021429 | E8: 35.736755 | G8: March | H8: 38.2 | I8: 45.9 | J8: 41.93858 | L8: March | M8: 25.684864 | N8: 43.364672 | O8: 34.593568 | Q8: March | R8: 24.472256 | S8: 43.14527 | T8: 33.999443
B9: April | C9: 38.697059 | D9: 46.787647 | E9: 42.701237 | G9: April | H9: 43.115 | I9: 50.77 | J9: 47.91764 | L9: April | M9: 31.414049 | N9: 51.273294 | O9: 42.684969 | Q9: April | R9: 29.67795 | S9: 49.525745 | T9: 40.561779
B10: May | C10: 42.600476 | D10: 48.610952 | E10: 45.308531 | G10: May | H10: 46.21 | I10: 52.71 | J10: 49.551192 | L10: May | M10: 31.729903 | N10: 50.524674 | O10: 42.779123 | Q10: May | R10: 30.719254 | S10: 50.032358 | T10: 40.81248
B11: June | C11: 32.57 | D11: 42.195 | E11: 37.823111 | G11: June | H11: 36.81 | I11: 45.576667 | J11: 41.301399 | L11: June | M11: 12.45729 | N11: 30.518086 | O11: 24.241309 | Q11: June | R11: 21.189198 | S11: 30.520393 | T11: 25.427598
B12: July | C12: 24.7 | D12: 41.33 | E12: 37.273328 | G12: July | H12: 31.58 | I12: 46.19 | J12: 41.041244 | L12: July | M12: 19.712766 | N12: 30.697304 | O12: 26.080803 | Q12: July | R12: 18.282701 | S12: 30.687877 | T12: 26.162255
B13: August | C13: 24.89 | D13: 35.25 | E13: 30.462844 | G13: August | H13: 8.35 | I13: 40.43 | J13: 31.258072 | L13: August | M13: 14.633949 | N13: 31.938583 | O13: 25.491682 | Q13: August | R13: 22.918996 | S13: 31.938492 | T13: 27.282954
B14: September | C14: 28.543333 | D14: 38.61 | E14: 33.783339 | G14: September | H14: 31.523333 | I14: 42.47 | J14: 38.08067 | L14: September | M14: 15.926835 | N14: 30.73269 | O14: 24.256107 | Q14: September | R14: 21.468276 | S14: 30.973123 | T14: 25.6567
B15: October | C15: 32.83 | D15: 39.101 | E15: 35.722005 | G15: October | H15: 35.475 | I15: 41.805 | J15: 38.837291 | L15: October | M15: 26.801439 | N15: 37.093084 | O15: 30.962673 | Q15: October | R15: 26.599836 | S15: 39.763194 | T15: 31.999903
B16: November | C16: 30.6292 | D16: 35.106 | E16: 32.319067 | G16: November | H16: 32.803333 | I16: 37.103333 | J16: 34.957912 | L16: November | M16: 22.927221 | N16: 37.261757 | O16: 28.862749 | Q16: November | R16: 21.927026 | S16: 35.308967 | T16: 28.216279
B17: December | C17: 27.853333 | D17: 31.997273 | E17: 29.230505 | G17: December | H17: 30.245 | I17: 34.59 | J17: 32.110629 | L17: December | M17: 23.202897 | N17: 37.01508 | O17: 28.193869 | Q17: December | R17: 23.202892 | S17: 36.084539 | T17: 27.99756
C18: =AVERAGE(C6:C17) -> 30.651476 | D18: =AVERAGE(D6:D17) -> 38.473921 | E18: =AVERAGE(E6:E17) -> 34.818538 | H18: =AVERAGE(H6:H17) -> 32.896806 | I18: =AVERAGE(I6:I17) -> 42.667917 | J18: =AVERAGE(J6:J17) -> 38.739434 | M18: =AVERAGE(M6:M17) -> 22.176393 | N18: =AVERAGE(N6:N17) -> 37.31315 | O18: =AVERAGE(O6:O17) -> 30.065637 | R18: =AVERAGE(R6:R17) -> 23.444629 | S18: =AVERAGE(S6:S17) -> 37.09293 | T18: =AVERAGE(T6:T17) -> 30.069928

Sheet MODIS-LANDSAT without Monsoon
B5: MODIS TERRA | H5: MODIS AQUA | L5: LANDSAT-8 SR | Q5: Landsat 8
B6: Min LST | C6: Max LST | D6: Mean LST | G6: Min LST | H6: Max LST | I6: Mean LST | L6: Min LST | M6: Max LST | N6: Mean LST | Q6: Min LST | R6: Max LST | S6: Mean LST
A7: January | B7: 24.166 | C7: 29.646923 | D7: 26.525631 | F7: January | G7: 28.18 | H7: 34.47 | I7: 31.241419 | K7: January | L7: 19.65701 | M7: 32.027133 | N7: 24.348446 | P7: January | Q7: 19.860862 | R7: 32.240824 | S7: 24.564942
A8: February | B8: 27.725455 | C8: 34.030833 | D8: 30.936106 | F8: February | G8: 32.27 | H8: 40 | I8: 36.637167 | K8: February | L8: 21.968499 | M8: 35.311449 | N8: 28.292343 | P8: February | Q8: 21.0163 | R8: 34.894381 | S8: 28.157245
A9: March | B9: 32.612857 | C9: 39.021429 | D9: 35.736755 | F9: March | G9: 38.2 | H9: 45.9 | I9: 41.93858 | K9: March | L9: 25.684864 | M9: 43.364672 | N9: 34.593568 | P9: March | Q9: 24.472256 | R9: 43.14527 | S9: 33.999443
A10: April | B10: 38.697059 | C10: 46.787647 | D10: 42.701237 | F10: April | G10: 43.115 | H10: 50.77 | I10: 47.91764 | K10: April | L10: 31.414049 | M10: 51.273294 | N10: 42.684969 | P10: April | Q10: 29.67795 | R10: 49.525745 | S10: 40.561779
A11: May | B11: 42.600476 | C11: 48.610952 | D11: 45.308531 | F11: May | G11: 46.21 | H11: 52.71 | I11: 49.551192 | K11: May | L11: 31.729903 | M11: 50.524674 | N11: 42.779123 | P11: May | Q11: 30.719254 | R11: 50.032358 | S11: 40.81248
A12: June | B12: 32.57 | C12: 42.195 | D12: 37.823111 | F12: June | G12: 36.81 | H12: 45.576667 | I12: 41.301399 | K12: June | L12: 12.45729 | M12: 30.518086 | N12: 24.241309 | P12: June | Q12: 21.189198 | R12: 30.520393 | S12: 25.427598
A13: July | B13: 24.7 | C13: 41.33 | D13: 37.273328 | F13: July | G13: 31.58 | H13: 46.19 | I13: 41.041244 | K13: July | L13: 19.712766 | M13: 30.697304 | N13: 26.080803 | P13: July | Q13: 18.282701 | R13: 30.687877 | S13: 26.162255
A14: August | B14: 24.89 | C14: 35.25 | D14: 30.462844 | F14: August | G14: 8.35 | H14: 40.43 | I14: 31.258072 | K14: August | L14: 14.633949 | M14: 31.938583 | N14: 25.491682 | P14: August | Q14: 22.918996 | R14: 31.938492 | S14: 27.282954
A15: September | B15: 28.543333 | C15: 38.61 | D15: 33.783339 | F15: September | G15: 31.523333 | H15: 42.47 | I15: 38.08067 | K15: September | L15: 15.926835 | M15: 30.73269 | N15: 24.256107 | P15: September | Q15: 21.468276 | R15: 30.973123 | S15: 25.6567
A16: October | B16: 32.83 | C16: 39.101 | D16: 35.722005 | F16: October | G16: 35.475 | H16: 41.805 | I16: 38.837291 | K16: October | L16: 26.801439 | M16: 37.093084 | N16: 30.962673 | P16: October | Q16: 26.599836 | R16: 39.763194 | S16: 31.999903
A17: November | B17: 30.6292 | C17: 35.106 | D17: 32.319067 | F17: November | G17: 32.803333 | H17: 37.103333 | I17: 34.957912 | K17: November | L17: 22.927221 | M17: 37.261757 | N17: 28.862749 | P17: November | Q17: 21.927026 | R17: 35.308967 | S17: 28.216279
A18: December | B18: 27.853333 | C18: 31.997273 | D18: 29.230505 | F18: December | G18: 30.245 | H18: 34.59 | I18: 32.110629 | K18: December | L18: 23.202897 | M18: 37.01508 | N18: 28.193869 | P18: December | Q18: 23.202892 | R18: 36.084539 | S18: 27.99756
B19: =AVERAGE(B7:B18) -> 30.651476 | C19: =AVERAGE(C7:C18) -> 38.473921 | D19: =AVERAGE(D7:D18) -> 34.818538 | G19: =AVERAGE(G7:G18) -> 32.896806 | H19: =AVERAGE(H7:H18) -> 42.667917 | I19: =AVERAGE(I7:I18) -> 38.739434 | L19: =AVERAGE(L7:L18) -> 22.176393 | M19: =AVERAGE(M7:M18) -> 37.31315 | N19: =AVERAGE(N7:N18) -> 30.065637 | Q19: =AVERAGE(Q7:Q18) -> 23.444629 | R19: =AVERAGE(R7:R18) -> 37.09293 | S19: =AVERAGE(S7:S18) -> 30.069928

Sheet Statistical Parameters
A4: 2020 Whole year | B4: Corellation co-efficient R | C4: Coefficient of determination R2 | G4: 2020(Summer & Winter) | H4: Corellation co-efficient R | I4: Coefficient of determination R2 | K4: Summer | L4: Corellation co-efficient | M4: Coefficient of determination R2 | O4: Post monsoon | P4: Corellation co-efficient | Q4: Coefficient of determination R2 | U4: Monsoon | V4: Corellation co-efficient | W4: Coefficient of determination R2 | AA4: Winter | AB4: Corellation co-efficient | AC4: Coefficient of determination R2
A6: LST-NDVI | B6: =CORREL(Data!N3:N26,Data!P3:P26) -> -0.50290765 | C6: =B6^2 -> 0.25291611 | G6: LST-NDVI | H6: =CORREL('Without monsoon'!E4:E27,'Without monsoon'!G4:G27) -> -0.20195226 | I6: =H6^2 -> 0.040784715 | K6: LST-NDVI | L6: =CORREL(Data!N7:N12,Data!P7:P12) -> 0.52514685 | M6: =L6^2 -> 0.27577922 | O6: LST-NDVI | P6: =CORREL(Data!N21:N26,Data!P21:P26) -> 0.80387624 | Q6: =P6^2 -> 0.64621701 | U6: LST-NDVI | V6: =CORREL(Data!N13:N20,Data!P13:P20) -> -0.47209413 | W6: =V6^2 -> 0.22287287 | AA6: LST-NDVI | AB6: =CORREL(Data!P3:P6,Data!N3:N6) -> -0.80679792 | AC6: =AB6^2 -> 0.65092288
A7: LST-NDBI | B7: =CORREL(Data!N3:N26,Data!O3:O26) -> 0.50258059 | C7: =B7^2 -> 0.25258725 | G7: LST-NDBI | H7: =CORREL('Without monsoon'!E4:E27,'Without monsoon'!F4:F27) -> 0.067444127 | I7: =H7^2 -> 0.0045487103 | K7: LST-NDBI | L7: =CORREL(Data!N7:N12,Data!O7:O12) -> -0.65458514 | M7: =L7^2 -> 0.4284817 | O7: LST-NDBI | P7: =CORREL(Data!N21:N26,Data!O21:O26) -> -0.73599054 | Q7: =P7^2 -> 0.54168208 | U7: LST-NDBI | V7: =CORREL(Data!N13:N20,Data!O13:O20) -> 0.60687577 | W7: =V7^2 -> 0.3682982 | AA7: LST-NDBI | AB7: =CORREL(Data!O3:O6,Data!N3:N6) -> 0.95279575 | AC7: =AB7^2 -> 0.90781975
A8: LST-NDWI | B8: =CORREL(Data!N3:N26,Data!Q3:Q26) -> 0.41215958 | C8: =B8^2 -> 0.16987552 | G8: LST-NDWI | H8: =CORREL('Without monsoon'!E4:E27,'Without monsoon'!H4:H27) -> 0.0050295928 | I8: =H8^2 -> 2.5296803e-05 | K8: LST-NDWI | L8: =CORREL(Data!N7:N12,Data!Q7:Q12) -> -0.53103104 | M8: =L8^2 -> 0.28199397 | O8: LST-NDWI | P8: =CORREL(Data!N21:N26,Data!Q21:Q26) -> -0.89037367 | Q8: =P8^2 -> 0.79276528 | U8: LST-NDWI | V8: =CORREL(Data!N13:N20,Data!Q13:Q20) -> 0.33489856 | W8: =V8^2 -> 0.11215704 | AA8: LST-NDWI | AB8: =CORREL(Data!Q3:Q6,Data!N3:N6) -> 0.91607796 | AC8: =AB8^2 -> 0.83919884
A9: LST-NMDI | B9: =CORREL(Data!N3:N26,Data!R3:R26) -> -0.5245594 | C9: =B9^2 -> 0.27516256 | G9: LST-NMDI | H9: =CORREL('Without monsoon'!E4:E27,'Without monsoon'!I4:I27) -> -0.11700554 | I9: =H9^2 -> 0.013690298 | K9: LST-NMDI | L9: =CORREL(Data!N7:N12,Data!R7:R12) -> 0.54472164 | M9: =L9^2 -> 0.29672166 | O9: LST-NMDI | P9: =CORREL(Data!N21:N26,Data!R21:R26) -> 0.79182029 | Q9: =P9^2 -> 0.62697937 | U9: LST-NMDI | V9: =CORREL(Data!N13:N20,Data!R13:R20) -> -0.6472136 | W9: =V9^2 -> 0.41888545 | AA9: LST-NMDI | AB9: =CORREL(Data!R3:R6,Data!N3:N6) -> -0.69190824 | AC9: =AB9^2 -> 0.47873701
A10: LST-FV | B10: =CORREL(Data!N3:N26,Data!M3:M26) -> -0.45009185 | C10: =B10^2 -> 0.20258267 | G10: LST-FV | H10: =CORREL('Without monsoon'!E4:E27,'Without monsoon'!D4:D27) -> -0.78329493 | I10: =H10^2 -> 0.61355095 | K10: LST-FV | L10: =CORREL(Data!N7:N12,Data!M7:M12) -> -0.68251855 | M10: =L10^2 -> 0.46583158 | O10: LST-FV | P10: =CORREL(Data!N21:N26,Data!M21:M26) -> -0.71864093 | Q10: =P10^2 -> 0.51644479 | U10: LST-FV | V10: =CORREL(Data!M13:M20,Data!N13:N20) -> 0.045398145 | W10: =V10^2 -> 0.0020609915 | AA10: LST-FV | AB10: =CORREL(Data!M3:M6,Data!N3:N6) -> -0.5902197 | AC10: =AB10^2 -> 0.3483593
A11: LST-BT | B11: =CORREL(Data!N3:N26,Data!K3:K26) -> 0.99998954 | C11: =B11^2 -> 0.99997907 | G11: LST-BT | H11: =CORREL('Without monsoon'!E4:E27,'Without monsoon'!B4:B27) -> 0.99999093 | I11: =H11^2 -> 0.99998185 | K11: LST-BT | L11: =CORREL(Data!N7:N12,Data!K7:K12) -> 0.99998638 | M11: =L11^2 -> 0.99997276 | O11: LST-BT | P11: =CORREL(Data!N21:N26,Data!K21:K26) -> 0.99997337 | Q11: =P11^2 -> 0.99994674 | U11: LST-BT | V11: =CORREL(Data!N13:N20,Data!K13:K20) -> 0.99995902 | W11: =V11^2 -> 0.99991804 | AA11: LST-BT | AB11: =CORREL(Data!K3:K6,Data!N3:N6) -> 0.99995014 | AC11: =AB11^2 -> 0.99990029
A13: NDBI-FV | B13: =CORREL(Data!O3:O26,Data!M3:M26) -> -0.3015959 | C13: =B13^2 -> 0.090960086 | G13: NDVI-NDBI | H13: =CORREL('Without monsoon'!G4:G27,'Without monsoon'!F4:F27) -> -0.9345015 | K13: NDVI-NDBI | L13: =CORREL(Data!P7:P12,Data!O7:O12) -> -0.15986732 | O13: NDVI-NDBI | P13: =CORREL(Data!P21:P26,Data!O21:O26) -> -0.96795437 | U13: NDVI-NDBI | V13: =CORREL(Data!O13:O20,Data!P13:P20) -> -0.94073407 | AA13: NDVI-NDBI | AB13: =CORREL(Data!P3:P6,Data!O3:O6) -> -0.94415344
A14: NDVI-NMDI | B14: =CORREL(Data!P3:P26,Data!R3:R26) -> 0.97059413 | C14: =B14^2 -> 0.94205297 | G14: NDVI-NMDI
A15: NDWI-NMDI | B15: =CORREL(Data!Q3:Q26,Data!R3:R26) -> -0.93962209 | C15: =B15^2 -> 0.88288967 | G15: NDWI-NMDI
A16: NDVI-NDBI | B16: =CORREL(Data!P3:P26,Data!O3:O26) -> -0.97017497 | C16: =B16^2 -> 0.94123947
A18: Terra-Landsat 8 | B18: =CORREL('Modis-Landsat'!E6:E17,'Modis-Landsat'!T6:T17) -> 0.77371972 | D18: =B18^2 -> 0.59864221 | G18: Terra-Landsat 8 | K18: Terra-Landsat 8 | L18: =CORREL('Modis-Landsat'!E8:E10,'Modis-Landsat'!T8:T10) -> 0.97271406 | O18: Terra-Landsat 8 | P18: =CORREL('Modis-Landsat'!E15:E17,'Modis-Landsat'!T15:T17) -> 0.90173578 | U18: Terra-Landsat 8 | V18: =CORREL('Modis-Landsat'!E11:E14,'Modis-Landsat'!T11:T14) -> -0.77421911 | AA18: Terra-Landsat 8 | AB18: =CORREL('MODIS-LANDSAT without Monsoon'!D7:D8,'MODIS-LANDSAT without Monsoon'!S7:S8) -> 1
A19: Aqua-Landsat 8 | B19: =CORREL('Modis-Landsat'!J6:J17,'Modis-Landsat'!T6:T17) -> 0.78705472 | D19: =B19^2 -> 0.61945514 | G19: Aqua-Landsat 8 | K19: Aqua-Landsat 8 | L19: =CORREL('Modis-Landsat'!J8:J10,'Modis-Landsat'!T8:T10) -> 0.98510949 | O19: Aqua-Landsat 8 | P19: =CORREL('Modis-Landsat'!J15:J17,'Modis-Landsat'!T15:T17) -> 0.9261862 | U19: Aqua-Landsat 8 | V19: =CORREL('Modis-Landsat'!J11:J14,'Modis-Landsat'!T11:T14) -> -0.86562707 | AA19: Aqua-Landsat 8 | AB19: =CORREL('Modis-Landsat'!J6:J7,'Modis-Landsat'!T6:T7) -> 1
H20: Mean | L20: Mean | P20: Mean | V20: Mean
A21: meanBT | B21: 302.4 | G21: meanBT | K21: meanBT | L21: 312.04972 | O21: meanBT | P21: 302.1 | U21: meanBT | V21: 298.9 | AA21: meanBT | AB21: 298.00489
A22: meanEm | B22: 0.9870451 | G22: meanEm | K22: meanEm | L22: 0.98670947 | O22: meanEm | P22: 0.98710615 | U22: meanEm | V22: 0.98713695 | AA22: meanEm | AB22: 0.98698418
A23: meanFV | B23: 0.26167164 | G23: meanFV | K23: meanFV | L23: 0.17771608 | O23: meanFV | P23: 0.27729801 | U23: meanFV | V23: 0.28709553 | AA23: meanFV | AB23: 0.24413901
A24: meanLST | B24: 30.150642 | G24: meanLST | K24: meanLST | L24: 39.934359 | O24: meanLST | P24: 29.914012 | U24: meanLST | V24: 26.657746 | AA24: meanLST | AB24: 25.709753
A25: meanNDBI | B25: -0.021459366 | G25: meanNDBI | K25: meanNDBI | L25: -0.0019665979 | O25: meanNDBI | P25: -0.025379852 | U25: meanNDBI | V25: -0.091778708 | AA25: meanNDBI | AB25: 0.0039275885
A26: meanNDVI | B26: 0.26949449 | G26: meanNDVI | K26: meanNDVI | L26: 0.23044613 | O26: meanNDVI | P26: 0.29293397 | U26: meanNDVI | V26: 0.37103082 | AA26: meanNDVI | AB26: 0.23042476
A27: meanNDWI | B27: -0.33788643 | G27: meanNDWI | K27: meanNDWI | L27: -0.31638639 | O27: meanNDWI | P27: -0.34767979 | U27: meanNDWI | V27: -0.38670424 | AA27: meanNDWI | AB27: -0.30075857
A28: meanNMDI | B28: 0.13669645 | G28: meanNMDI | K28: meanNMDI | L28: 0.097630429 | O28: meanNMDI | P28: 0.15233835 | U28: meanNMDI | V28: 0.26949788 | AA28: meanNMDI | AB28: 0.089831393
A30: Mean LST min | AA30: Mean LST min
A31: Mean LST max | AA31: Mean LST max
A33: LST Terra | B33: 34.971661 | G33: LST Terra | K33: LST Terra | L33: 41.147401 | O33: LST Terra | P33: 32.359707 | U33: LST Terra | V33: 36.008003 | AA33: LST Terra | AB33: 29.321654
A34: LST Aqua | B34: 39.615048 | G34: LST Aqua | K34: LST Aqua | L34: 46.089021 | O34: LST Aqua | P34: 35.63853 | U34: LST Aqua | V34: 39.647728 | AA34: LST Aqua | AB34: 34.086139
C37: Min LST | D37: Max LST | E37: Mean LST
B38: 2020 | C38: 24.211372 | D38: 36.469703 | E38: 30.150642
B39: Premonsoon | C39: 29.24476 | D39: 48.358003 | E39: 39.934359
B40: Monsoon | C40: 21.586513 | D40: 31.834802 | E40: 26.657746
B41: Postmonsoon | C41: 24.633532 | D41: 37.276833 | E41: 29.914012
B42: Winter | C42: 20.013364 | D42: 33.351663 | E42: 25.709753
